val_loss,time_this_iter_s,done,timesteps_total,episodes_total,training_iteration,trial_id,experiment_id,date,timestamp,time_total_s,pid,hostname,node_ip,time_since_restore,timesteps_since_restore,iterations_since_restore,warmup_time
0.4042913019657135,69.36643481254578,False,,,1,2f726_00000,dbf92e189c284d5096f8affd4e20e5fa,2023-04-10_23-50-23,1681188623,69.36643481254578,17147,lambda,128.135.11.168,69.36643481254578,0,1,0.004018068313598633
0.2930903136730194,65.27880859375,False,,,2,2f726_00000,dbf92e189c284d5096f8affd4e20e5fa,2023-04-10_23-51-28,1681188688,134.64524340629578,17147,lambda,128.135.11.168,134.64524340629578,0,2,0.004018068313598633
0.23363097012043,65.40606474876404,False,,,3,2f726_00000,dbf92e189c284d5096f8affd4e20e5fa,2023-04-10_23-52-34,1681188754,200.05130815505981,17147,lambda,128.135.11.168,200.05130815505981,0,3,0.004018068313598633
0.20324429869651794,65.4057252407074,False,,,4,2f726_00000,dbf92e189c284d5096f8affd4e20e5fa,2023-04-10_23-53-39,1681188819,265.4570333957672,17147,lambda,128.135.11.168,265.4570333957672,0,4,0.004018068313598633
0.17688031494617462,65.82382559776306,False,,,5,2f726_00000,dbf92e189c284d5096f8affd4e20e5fa,2023-04-10_23-54-45,1681188885,331.2808589935303,17147,lambda,128.135.11.168,331.2808589935303,0,5,0.004018068313598633
0.16459742188453674,65.92196774482727,False,,,6,2f726_00000,dbf92e189c284d5096f8affd4e20e5fa,2023-04-10_23-55-51,1681188951,397.20282673835754,17147,lambda,128.135.11.168,397.20282673835754,0,6,0.004018068313598633
0.1255379468202591,65.98979806900024,False,,,7,2f726_00000,dbf92e189c284d5096f8affd4e20e5fa,2023-04-10_23-56-57,1681189017,463.1926248073578,17147,lambda,128.135.11.168,463.1926248073578,0,7,0.004018068313598633
0.20720349252223969,65.65349793434143,False,,,8,2f726_00000,dbf92e189c284d5096f8affd4e20e5fa,2023-04-10_23-58-02,1681189082,528.8461227416992,17147,lambda,128.135.11.168,528.8461227416992,0,8,0.004018068313598633
0.14020271599292755,65.68792724609375,False,,,9,2f726_00000,dbf92e189c284d5096f8affd4e20e5fa,2023-04-10_23-59-08,1681189148,594.534049987793,17147,lambda,128.135.11.168,594.534049987793,0,9,0.004018068313598633
0.10319916903972626,65.13261914253235,False,,,10,2f726_00000,dbf92e189c284d5096f8affd4e20e5fa,2023-04-11_00-00-13,1681189213,659.6666691303253,17147,lambda,128.135.11.168,659.6666691303253,0,10,0.004018068313598633
0.1885291337966919,65.68683171272278,False,,,11,2f726_00000,dbf92e189c284d5096f8affd4e20e5fa,2023-04-11_00-01-19,1681189279,725.3535008430481,17147,lambda,128.135.11.168,725.3535008430481,0,11,0.004018068313598633
0.09329278022050858,65.94885516166687,False,,,12,2f726_00000,dbf92e189c284d5096f8affd4e20e5fa,2023-04-11_00-02-25,1681189345,791.302356004715,17147,lambda,128.135.11.168,791.302356004715,0,12,0.004018068313598633
0.10638798028230667,66.2653877735138,False,,,13,2f726_00000,dbf92e189c284d5096f8affd4e20e5fa,2023-04-11_00-03-31,1681189411,857.5677437782288,17147,lambda,128.135.11.168,857.5677437782288,0,13,0.004018068313598633
0.08011427521705627,65.94349408149719,False,,,14,2f726_00000,dbf92e189c284d5096f8affd4e20e5fa,2023-04-11_00-04-37,1681189477,923.511237859726,17147,lambda,128.135.11.168,923.511237859726,0,14,0.004018068313598633
0.10085552930831909,65.64055681228638,False,,,15,2f726_00000,dbf92e189c284d5096f8affd4e20e5fa,2023-04-11_00-05-43,1681189543,989.1517946720123,17147,lambda,128.135.11.168,989.1517946720123,0,15,0.004018068313598633
0.09110977500677109,65.97559881210327,False,,,16,2f726_00000,dbf92e189c284d5096f8affd4e20e5fa,2023-04-11_00-06-49,1681189609,1055.1273934841156,17147,lambda,128.135.11.168,1055.1273934841156,0,16,0.004018068313598633
0.0883282944560051,65.98953032493591,False,,,17,2f726_00000,dbf92e189c284d5096f8affd4e20e5fa,2023-04-11_00-07-55,1681189675,1121.1169238090515,17147,lambda,128.135.11.168,1121.1169238090515,0,17,0.004018068313598633
0.08020157366991043,65.18814873695374,False,,,18,2f726_00000,dbf92e189c284d5096f8affd4e20e5fa,2023-04-11_00-09-00,1681189740,1186.3050725460052,17147,lambda,128.135.11.168,1186.3050725460052,0,18,0.004018068313598633
0.08599342405796051,66.16611957550049,False,,,19,2f726_00000,dbf92e189c284d5096f8affd4e20e5fa,2023-04-11_00-10-06,1681189806,1252.4711921215057,17147,lambda,128.135.11.168,1252.4711921215057,0,19,0.004018068313598633
0.07510021328926086,65.85685110092163,False,,,20,2f726_00000,dbf92e189c284d5096f8affd4e20e5fa,2023-04-11_00-11-12,1681189872,1318.3280432224274,17147,lambda,128.135.11.168,1318.3280432224274,0,20,0.004018068313598633
0.0976051464676857,66.34492802619934,False,,,21,2f726_00000,dbf92e189c284d5096f8affd4e20e5fa,2023-04-11_00-12-18,1681189938,1384.6729712486267,17147,lambda,128.135.11.168,1384.6729712486267,0,21,0.004018068313598633
0.07838817685842514,65.92840027809143,False,,,22,2f726_00000,dbf92e189c284d5096f8affd4e20e5fa,2023-04-11_00-13-24,1681190004,1450.6013715267181,17147,lambda,128.135.11.168,1450.6013715267181,0,22,0.004018068313598633
0.06237190216779709,65.93870210647583,False,,,23,2f726_00000,dbf92e189c284d5096f8affd4e20e5fa,2023-04-11_00-14-30,1681190070,1516.540073633194,17147,lambda,128.135.11.168,1516.540073633194,0,23,0.004018068313598633
0.08181173354387283,66.2853331565857,False,,,24,2f726_00000,dbf92e189c284d5096f8affd4e20e5fa,2023-04-11_00-15-36,1681190136,1582.8254067897797,17147,lambda,128.135.11.168,1582.8254067897797,0,24,0.004018068313598633
0.1291549652814865,66.63652205467224,False,,,25,2f726_00000,dbf92e189c284d5096f8affd4e20e5fa,2023-04-11_00-16-43,1681190203,1649.461928844452,17147,lambda,128.135.11.168,1649.461928844452,0,25,0.004018068313598633
0.0627996027469635,66.3575849533081,False,,,26,2f726_00000,dbf92e189c284d5096f8affd4e20e5fa,2023-04-11_00-17-49,1681190269,1715.81951379776,17147,lambda,128.135.11.168,1715.81951379776,0,26,0.004018068313598633
0.07004693150520325,66.29604864120483,False,,,27,2f726_00000,dbf92e189c284d5096f8affd4e20e5fa,2023-04-11_00-18-56,1681190336,1782.1155624389648,17147,lambda,128.135.11.168,1782.1155624389648,0,27,0.004018068313598633
0.06113783270120621,66.05476355552673,False,,,28,2f726_00000,dbf92e189c284d5096f8affd4e20e5fa,2023-04-11_00-20-02,1681190402,1848.1703259944916,17147,lambda,128.135.11.168,1848.1703259944916,0,28,0.004018068313598633
0.06778519600629807,66.466881275177,False,,,29,2f726_00000,dbf92e189c284d5096f8affd4e20e5fa,2023-04-11_00-21-08,1681190468,1914.6372072696686,17147,lambda,128.135.11.168,1914.6372072696686,0,29,0.004018068313598633
0.09815198928117752,65.83421969413757,False,,,30,2f726_00000,dbf92e189c284d5096f8affd4e20e5fa,2023-04-11_00-22-14,1681190534,1980.4714269638062,17147,lambda,128.135.11.168,1980.4714269638062,0,30,0.004018068313598633
0.0475289486348629,65.83534717559814,False,,,31,2f726_00000,dbf92e189c284d5096f8affd4e20e5fa,2023-04-11_00-23-20,1681190600,2046.3067741394043,17147,lambda,128.135.11.168,2046.3067741394043,0,31,0.004018068313598633
0.052478939294815063,66.22207951545715,False,,,32,2f726_00000,dbf92e189c284d5096f8affd4e20e5fa,2023-04-11_00-24-26,1681190666,2112.5288536548615,17147,lambda,128.135.11.168,2112.5288536548615,0,32,0.004018068313598633
0.13233524560928345,66.00190901756287,False,,,33,2f726_00000,dbf92e189c284d5096f8affd4e20e5fa,2023-04-11_00-25-32,1681190732,2178.5307626724243,17147,lambda,128.135.11.168,2178.5307626724243,0,33,0.004018068313598633
0.07680166512727737,66.08198142051697,False,,,34,2f726_00000,dbf92e189c284d5096f8affd4e20e5fa,2023-04-11_00-26-38,1681190798,2244.6127440929413,17147,lambda,128.135.11.168,2244.6127440929413,0,34,0.004018068313598633
0.050949010998010635,66.45002937316895,False,,,35,2f726_00000,dbf92e189c284d5096f8affd4e20e5fa,2023-04-11_00-27-45,1681190865,2311.0627734661102,17147,lambda,128.135.11.168,2311.0627734661102,0,35,0.004018068313598633
0.04140107333660126,66.18428492546082,False,,,36,2f726_00000,dbf92e189c284d5096f8affd4e20e5fa,2023-04-11_00-28-51,1681190931,2377.247058391571,17147,lambda,128.135.11.168,2377.247058391571,0,36,0.004018068313598633
0.06083505228161812,66.14795780181885,False,,,37,2f726_00000,dbf92e189c284d5096f8affd4e20e5fa,2023-04-11_00-29-57,1681190997,2443.39501619339,17147,lambda,128.135.11.168,2443.39501619339,0,37,0.004018068313598633
0.052689481526613235,65.61715006828308,False,,,38,2f726_00000,dbf92e189c284d5096f8affd4e20e5fa,2023-04-11_00-31-03,1681191063,2509.012166261673,17147,lambda,128.135.11.168,2509.012166261673,0,38,0.004018068313598633
0.05475090816617012,65.88495898246765,False,,,39,2f726_00000,dbf92e189c284d5096f8affd4e20e5fa,2023-04-11_00-32-09,1681191129,2574.8971252441406,17147,lambda,128.135.11.168,2574.8971252441406,0,39,0.004018068313598633
0.07528822124004364,65.77496480941772,False,,,40,2f726_00000,dbf92e189c284d5096f8affd4e20e5fa,2023-04-11_00-33-14,1681191194,2640.6720900535583,17147,lambda,128.135.11.168,2640.6720900535583,0,40,0.004018068313598633
0.08536000549793243,66.05961680412292,False,,,41,2f726_00000,dbf92e189c284d5096f8affd4e20e5fa,2023-04-11_00-34-20,1681191260,2706.7317068576813,17147,lambda,128.135.11.168,2706.7317068576813,0,41,0.004018068313598633
0.13540267944335938,66.00404214859009,False,,,42,2f726_00000,dbf92e189c284d5096f8affd4e20e5fa,2023-04-11_00-35-26,1681191326,2772.7357490062714,17147,lambda,128.135.11.168,2772.7357490062714,0,42,0.004018068313598633
0.05015312507748604,66.06511092185974,False,,,43,2f726_00000,dbf92e189c284d5096f8affd4e20e5fa,2023-04-11_00-36-32,1681191392,2838.800859928131,17147,lambda,128.135.11.168,2838.800859928131,0,43,0.004018068313598633
0.035435356199741364,65.84996700286865,False,,,44,2f726_00000,dbf92e189c284d5096f8affd4e20e5fa,2023-04-11_00-37-38,1681191458,2904.6508269309998,17147,lambda,128.135.11.168,2904.6508269309998,0,44,0.004018068313598633
0.04651885852217674,66.1882860660553,False,,,45,2f726_00000,dbf92e189c284d5096f8affd4e20e5fa,2023-04-11_00-38-44,1681191524,2970.839112997055,17147,lambda,128.135.11.168,2970.839112997055,0,45,0.004018068313598633
0.04476341977715492,66.82123613357544,False,,,46,2f726_00000,dbf92e189c284d5096f8affd4e20e5fa,2023-04-11_00-39-51,1681191591,3037.6603491306305,17147,lambda,128.135.11.168,3037.6603491306305,0,46,0.004018068313598633
0.11845210194587708,65.98776531219482,False,,,47,2f726_00000,dbf92e189c284d5096f8affd4e20e5fa,2023-04-11_00-40-57,1681191657,3103.6481144428253,17147,lambda,128.135.11.168,3103.6481144428253,0,47,0.004018068313598633
0.05818568542599678,66.49677681922913,False,,,48,2f726_00000,dbf92e189c284d5096f8affd4e20e5fa,2023-04-11_00-42-04,1681191724,3170.1448912620544,17147,lambda,128.135.11.168,3170.1448912620544,0,48,0.004018068313598633
0.049512267112731934,66.28524851799011,False,,,49,2f726_00000,dbf92e189c284d5096f8affd4e20e5fa,2023-04-11_00-43-10,1681191790,3236.4301397800446,17147,lambda,128.135.11.168,3236.4301397800446,0,49,0.004018068313598633
0.0345851331949234,66.32131099700928,False,,,50,2f726_00000,dbf92e189c284d5096f8affd4e20e5fa,2023-04-11_00-44-16,1681191856,3302.751450777054,17147,lambda,128.135.11.168,3302.751450777054,0,50,0.004018068313598633
0.07371075451374054,65.9560878276825,False,,,51,2f726_00000,dbf92e189c284d5096f8affd4e20e5fa,2023-04-11_00-45-22,1681191922,3368.7075386047363,17147,lambda,128.135.11.168,3368.7075386047363,0,51,0.004018068313598633
0.03588077053427696,66.21523118019104,False,,,52,2f726_00000,dbf92e189c284d5096f8affd4e20e5fa,2023-04-11_00-46-29,1681191989,3434.9227697849274,17147,lambda,128.135.11.168,3434.9227697849274,0,52,0.004018068313598633
0.03395165503025055,66.3456780910492,False,,,53,2f726_00000,dbf92e189c284d5096f8affd4e20e5fa,2023-04-11_00-47-35,1681192055,3501.2684478759766,17147,lambda,128.135.11.168,3501.2684478759766,0,53,0.004018068313598633
0.02879623882472515,65.99183654785156,False,,,54,2f726_00000,dbf92e189c284d5096f8affd4e20e5fa,2023-04-11_00-48-41,1681192121,3567.260284423828,17147,lambda,128.135.11.168,3567.260284423828,0,54,0.004018068313598633
0.03526938706636429,66.19261908531189,False,,,55,2f726_00000,dbf92e189c284d5096f8affd4e20e5fa,2023-04-11_00-49-47,1681192187,3633.45290350914,17147,lambda,128.135.11.168,3633.45290350914,0,55,0.004018068313598633
0.04279889538884163,65.61730623245239,False,,,56,2f726_00000,dbf92e189c284d5096f8affd4e20e5fa,2023-04-11_00-50-53,1681192253,3699.0702097415924,17147,lambda,128.135.11.168,3699.0702097415924,0,56,0.004018068313598633
0.026292795315384865,66.18255639076233,False,,,57,2f726_00000,dbf92e189c284d5096f8affd4e20e5fa,2023-04-11_00-51-59,1681192319,3765.2527661323547,17147,lambda,128.135.11.168,3765.2527661323547,0,57,0.004018068313598633
0.025693289935588837,65.61243295669556,False,,,58,2f726_00000,dbf92e189c284d5096f8affd4e20e5fa,2023-04-11_00-53-04,1681192384,3830.8651990890503,17147,lambda,128.135.11.168,3830.8651990890503,0,58,0.004018068313598633
0.038127996027469635,66.2821216583252,False,,,59,2f726_00000,dbf92e189c284d5096f8affd4e20e5fa,2023-04-11_00-54-11,1681192451,3897.1473207473755,17147,lambda,128.135.11.168,3897.1473207473755,0,59,0.004018068313598633
0.0314490981400013,65.93693590164185,False,,,60,2f726_00000,dbf92e189c284d5096f8affd4e20e5fa,2023-04-11_00-55-17,1681192517,3963.0842566490173,17147,lambda,128.135.11.168,3963.0842566490173,0,60,0.004018068313598633
0.0225183367729187,65.49668574333191,False,,,61,2f726_00000,dbf92e189c284d5096f8affd4e20e5fa,2023-04-11_00-56-22,1681192582,4028.5809423923492,17147,lambda,128.135.11.168,4028.5809423923492,0,61,0.004018068313598633
0.03304373845458031,66.45877838134766,False,,,62,2f726_00000,dbf92e189c284d5096f8affd4e20e5fa,2023-04-11_00-57-29,1681192649,4095.039720773697,17147,lambda,128.135.11.168,4095.039720773697,0,62,0.004018068313598633
0.027013175189495087,65.96892046928406,False,,,63,2f726_00000,dbf92e189c284d5096f8affd4e20e5fa,2023-04-11_00-58-35,1681192715,4161.008641242981,17147,lambda,128.135.11.168,4161.008641242981,0,63,0.004018068313598633
0.016231389716267586,66.16237211227417,False,,,64,2f726_00000,dbf92e189c284d5096f8affd4e20e5fa,2023-04-11_00-59-41,1681192781,4227.171013355255,17147,lambda,128.135.11.168,4227.171013355255,0,64,0.004018068313598633
0.027065956965088844,66.15049409866333,False,,,65,2f726_00000,dbf92e189c284d5096f8affd4e20e5fa,2023-04-11_01-00-47,1681192847,4293.3215074539185,17147,lambda,128.135.11.168,4293.3215074539185,0,65,0.004018068313598633
0.01739976927638054,66.22656440734863,False,,,66,2f726_00000,dbf92e189c284d5096f8affd4e20e5fa,2023-04-11_01-01-53,1681192913,4359.548071861267,17147,lambda,128.135.11.168,4359.548071861267,0,66,0.004018068313598633
0.022564217448234558,65.67269015312195,False,,,67,2f726_00000,dbf92e189c284d5096f8affd4e20e5fa,2023-04-11_01-02-59,1681192979,4425.220762014389,17147,lambda,128.135.11.168,4425.220762014389,0,67,0.004018068313598633
0.014546670019626617,65.90751624107361,False,,,68,2f726_00000,dbf92e189c284d5096f8affd4e20e5fa,2023-04-11_01-04-05,1681193045,4491.128278255463,17147,lambda,128.135.11.168,4491.128278255463,0,68,0.004018068313598633
0.01738729141652584,65.9361035823822,False,,,69,2f726_00000,dbf92e189c284d5096f8affd4e20e5fa,2023-04-11_01-05-11,1681193111,4557.064381837845,17147,lambda,128.135.11.168,4557.064381837845,0,69,0.004018068313598633
0.033661846071481705,65.6875810623169,False,,,70,2f726_00000,dbf92e189c284d5096f8affd4e20e5fa,2023-04-11_01-06-16,1681193176,4622.751962900162,17147,lambda,128.135.11.168,4622.751962900162,0,70,0.004018068313598633
0.017370672896504402,66.36185669898987,False,,,71,2f726_00000,dbf92e189c284d5096f8affd4e20e5fa,2023-04-11_01-07-23,1681193243,4689.113819599152,17147,lambda,128.135.11.168,4689.113819599152,0,71,0.004018068313598633
0.02113913930952549,66.4320228099823,False,,,72,2f726_00000,dbf92e189c284d5096f8affd4e20e5fa,2023-04-11_01-08-29,1681193309,4755.545842409134,17147,lambda,128.135.11.168,4755.545842409134,0,72,0.004018068313598633
0.025963040068745613,65.9815456867218,False,,,73,2f726_00000,dbf92e189c284d5096f8affd4e20e5fa,2023-04-11_01-09-35,1681193375,4821.527388095856,17147,lambda,128.135.11.168,4821.527388095856,0,73,0.004018068313598633
0.013605969958007336,66.26948356628418,False,,,74,2f726_00000,dbf92e189c284d5096f8affd4e20e5fa,2023-04-11_01-10-41,1681193441,4887.79687166214,17147,lambda,128.135.11.168,4887.79687166214,0,74,0.004018068313598633
0.021077148616313934,66.37949705123901,False,,,75,2f726_00000,dbf92e189c284d5096f8affd4e20e5fa,2023-04-11_01-11-48,1681193508,4954.176368713379,17147,lambda,128.135.11.168,4954.176368713379,0,75,0.004018068313598633
0.02422916516661644,65.96873450279236,False,,,76,2f726_00000,dbf92e189c284d5096f8affd4e20e5fa,2023-04-11_01-12-54,1681193574,5020.145103216171,17147,lambda,128.135.11.168,5020.145103216171,0,76,0.004018068313598633
0.0161995030939579,65.69981169700623,False,,,77,2f726_00000,dbf92e189c284d5096f8affd4e20e5fa,2023-04-11_01-13-59,1681193639,5085.8449149131775,17147,lambda,128.135.11.168,5085.8449149131775,0,77,0.004018068313598633
0.04690349102020264,66.42113995552063,False,,,78,2f726_00000,dbf92e189c284d5096f8affd4e20e5fa,2023-04-11_01-15-06,1681193706,5152.266054868698,17147,lambda,128.135.11.168,5152.266054868698,0,78,0.004018068313598633
0.012233358807861805,66.49798679351807,False,,,79,2f726_00000,dbf92e189c284d5096f8affd4e20e5fa,2023-04-11_01-16-12,1681193772,5218.764041662216,17147,lambda,128.135.11.168,5218.764041662216,0,79,0.004018068313598633
0.015373065136373043,66.26000261306763,False,,,80,2f726_00000,dbf92e189c284d5096f8affd4e20e5fa,2023-04-11_01-17-19,1681193839,5285.024044275284,17147,lambda,128.135.11.168,5285.024044275284,0,80,0.004018068313598633
0.040198393166065216,66.68601036071777,False,,,81,2f726_00000,dbf92e189c284d5096f8affd4e20e5fa,2023-04-11_01-18-25,1681193905,5351.710054636002,17147,lambda,128.135.11.168,5351.710054636002,0,81,0.004018068313598633
0.02993440069258213,65.92547297477722,False,,,82,2f726_00000,dbf92e189c284d5096f8affd4e20e5fa,2023-04-11_01-19-31,1681193971,5417.635527610779,17147,lambda,128.135.11.168,5417.635527610779,0,82,0.004018068313598633
0.01994045451283455,66.271244764328,False,,,83,2f726_00000,dbf92e189c284d5096f8affd4e20e5fa,2023-04-11_01-20-38,1681194038,5483.906772375107,17147,lambda,128.135.11.168,5483.906772375107,0,83,0.004018068313598633
0.01914750412106514,66.42375254631042,False,,,84,2f726_00000,dbf92e189c284d5096f8affd4e20e5fa,2023-04-11_01-21-44,1681194104,5550.330524921417,17147,lambda,128.135.11.168,5550.330524921417,0,84,0.004018068313598633
0.011918626725673676,66.26632881164551,False,,,85,2f726_00000,dbf92e189c284d5096f8affd4e20e5fa,2023-04-11_01-22-50,1681194170,5616.596853733063,17147,lambda,128.135.11.168,5616.596853733063,0,85,0.004018068313598633
0.014268608763813972,66.20050644874573,False,,,86,2f726_00000,dbf92e189c284d5096f8affd4e20e5fa,2023-04-11_01-23-56,1681194236,5682.7973601818085,17147,lambda,128.135.11.168,5682.7973601818085,0,86,0.004018068313598633
0.014745579101145267,65.73172450065613,False,,,87,2f726_00000,dbf92e189c284d5096f8affd4e20e5fa,2023-04-11_01-25-02,1681194302,5748.529084682465,17147,lambda,128.135.11.168,5748.529084682465,0,87,0.004018068313598633
0.01433719601482153,66.05208206176758,False,,,88,2f726_00000,dbf92e189c284d5096f8affd4e20e5fa,2023-04-11_01-26-08,1681194368,5814.581166744232,17147,lambda,128.135.11.168,5814.581166744232,0,88,0.004018068313598633
0.015032610855996609,66.24994111061096,False,,,89,2f726_00000,dbf92e189c284d5096f8affd4e20e5fa,2023-04-11_01-27-14,1681194434,5880.831107854843,17147,lambda,128.135.11.168,5880.831107854843,0,89,0.004018068313598633
0.009631991386413574,66.13065218925476,False,,,90,2f726_00000,dbf92e189c284d5096f8affd4e20e5fa,2023-04-11_01-28-21,1681194501,5946.961760044098,17147,lambda,128.135.11.168,5946.961760044098,0,90,0.004018068313598633
0.011585592292249203,66.62275266647339,False,,,91,2f726_00000,dbf92e189c284d5096f8affd4e20e5fa,2023-04-11_01-29-27,1681194567,6013.584512710571,17147,lambda,128.135.11.168,6013.584512710571,0,91,0.004018068313598633
0.02343476563692093,65.96752667427063,False,,,92,2f726_00000,dbf92e189c284d5096f8affd4e20e5fa,2023-04-11_01-30-33,1681194633,6079.552039384842,17147,lambda,128.135.11.168,6079.552039384842,0,92,0.004018068313598633
0.01612851768732071,66.36971735954285,False,,,93,2f726_00000,dbf92e189c284d5096f8affd4e20e5fa,2023-04-11_01-31-40,1681194700,6145.921756744385,17147,lambda,128.135.11.168,6145.921756744385,0,93,0.004018068313598633
0.011968608945608139,66.07470369338989,False,,,94,2f726_00000,dbf92e189c284d5096f8affd4e20e5fa,2023-04-11_01-32-46,1681194766,6211.996460437775,17147,lambda,128.135.11.168,6211.996460437775,0,94,0.004018068313598633
0.02460867166519165,65.97609281539917,False,,,95,2f726_00000,dbf92e189c284d5096f8affd4e20e5fa,2023-04-11_01-33-52,1681194832,6277.972553253174,17147,lambda,128.135.11.168,6277.972553253174,0,95,0.004018068313598633
0.00882187020033598,65.9315128326416,False,,,96,2f726_00000,dbf92e189c284d5096f8affd4e20e5fa,2023-04-11_01-34-58,1681194898,6343.904066085815,17147,lambda,128.135.11.168,6343.904066085815,0,96,0.004018068313598633
0.014244785532355309,66.47276449203491,False,,,97,2f726_00000,dbf92e189c284d5096f8affd4e20e5fa,2023-04-11_01-36-04,1681194964,6410.37683057785,17147,lambda,128.135.11.168,6410.37683057785,0,97,0.004018068313598633
0.016227053478360176,66.16615056991577,False,,,98,2f726_00000,dbf92e189c284d5096f8affd4e20e5fa,2023-04-11_01-37-10,1681195030,6476.542981147766,17147,lambda,128.135.11.168,6476.542981147766,0,98,0.004018068313598633
0.007853606715798378,65.95840382575989,False,,,99,2f726_00000,dbf92e189c284d5096f8affd4e20e5fa,2023-04-11_01-38-16,1681195096,6542.501384973526,17147,lambda,128.135.11.168,6542.501384973526,0,99,0.004018068313598633
0.022662226110696793,66.36908769607544,False,,,100,2f726_00000,dbf92e189c284d5096f8affd4e20e5fa,2023-04-11_01-39-22,1681195162,6608.870472669601,17147,lambda,128.135.11.168,6608.870472669601,0,100,0.004018068313598633
0.013241330161690712,66.86542391777039,False,,,101,2f726_00000,dbf92e189c284d5096f8affd4e20e5fa,2023-04-11_01-40-29,1681195229,6675.735896587372,17147,lambda,128.135.11.168,6675.735896587372,0,101,0.004018068313598633
0.006548290140926838,66.42296433448792,False,,,102,2f726_00000,dbf92e189c284d5096f8affd4e20e5fa,2023-04-11_01-41-36,1681195296,6742.15886092186,17147,lambda,128.135.11.168,6742.15886092186,0,102,0.004018068313598633
0.03736143559217453,66.40549802780151,False,,,103,2f726_00000,dbf92e189c284d5096f8affd4e20e5fa,2023-04-11_01-42-42,1681195362,6808.564358949661,17147,lambda,128.135.11.168,6808.564358949661,0,103,0.004018068313598633
0.00970859918743372,67.18251299858093,False,,,104,2f726_00000,dbf92e189c284d5096f8affd4e20e5fa,2023-04-11_01-43-49,1681195429,6875.746871948242,17147,lambda,128.135.11.168,6875.746871948242,0,104,0.004018068313598633
0.014901736751198769,66.21471285820007,False,,,105,2f726_00000,dbf92e189c284d5096f8affd4e20e5fa,2023-04-11_01-44-56,1681195496,6941.961584806442,17147,lambda,128.135.11.168,6941.961584806442,0,105,0.004018068313598633
0.01140627171844244,67.02737712860107,False,,,106,2f726_00000,dbf92e189c284d5096f8affd4e20e5fa,2023-04-11_01-46-03,1681195563,7008.988961935043,17147,lambda,128.135.11.168,7008.988961935043,0,106,0.004018068313598633
0.012856408022344112,66.51801872253418,False,,,107,2f726_00000,dbf92e189c284d5096f8affd4e20e5fa,2023-04-11_01-47-09,1681195629,7075.5069806575775,17147,lambda,128.135.11.168,7075.5069806575775,0,107,0.004018068313598633
0.007949423044919968,66.39339852333069,False,,,108,2f726_00000,dbf92e189c284d5096f8affd4e20e5fa,2023-04-11_01-48-16,1681195696,7141.900379180908,17147,lambda,128.135.11.168,7141.900379180908,0,108,0.004018068313598633
0.008318416774272919,66.89440059661865,False,,,109,2f726_00000,dbf92e189c284d5096f8affd4e20e5fa,2023-04-11_01-49-22,1681195762,7208.794779777527,17147,lambda,128.135.11.168,7208.794779777527,0,109,0.004018068313598633
0.005101761780679226,66.74265789985657,False,,,110,2f726_00000,dbf92e189c284d5096f8affd4e20e5fa,2023-04-11_01-50-29,1681195829,7275.537437677383,17147,lambda,128.135.11.168,7275.537437677383,0,110,0.004018068313598633
0.007184139918535948,66.24298882484436,False,,,111,2f726_00000,dbf92e189c284d5096f8affd4e20e5fa,2023-04-11_01-51-35,1681195895,7341.780426502228,17147,lambda,128.135.11.168,7341.780426502228,0,111,0.004018068313598633
0.007274174131453037,66.4847559928894,False,,,112,2f726_00000,dbf92e189c284d5096f8affd4e20e5fa,2023-04-11_01-52-42,1681195962,7408.265182495117,17147,lambda,128.135.11.168,7408.265182495117,0,112,0.004018068313598633
0.00747602479532361,65.72635412216187,False,,,113,2f726_00000,dbf92e189c284d5096f8affd4e20e5fa,2023-04-11_01-53-48,1681196028,7473.991536617279,17147,lambda,128.135.11.168,7473.991536617279,0,113,0.004018068313598633
0.006036125589162111,66.00093674659729,False,,,114,2f726_00000,dbf92e189c284d5096f8affd4e20e5fa,2023-04-11_01-54-54,1681196094,7539.992473363876,17147,lambda,128.135.11.168,7539.992473363876,0,114,0.004018068313598633
0.0047871023416519165,66.52749466896057,False,,,115,2f726_00000,dbf92e189c284d5096f8affd4e20e5fa,2023-04-11_01-56-00,1681196160,7606.519968032837,17147,lambda,128.135.11.168,7606.519968032837,0,115,0.004018068313598633
0.008273406885564327,65.81559371948242,False,,,116,2f726_00000,dbf92e189c284d5096f8affd4e20e5fa,2023-04-11_01-57-06,1681196226,7672.335561752319,17147,lambda,128.135.11.168,7672.335561752319,0,116,0.004018068313598633
0.015751713886857033,66.22662425041199,False,,,117,2f726_00000,dbf92e189c284d5096f8affd4e20e5fa,2023-04-11_01-58-12,1681196292,7738.562186002731,17147,lambda,128.135.11.168,7738.562186002731,0,117,0.004018068313598633
0.004435676150023937,66.59904503822327,False,,,118,2f726_00000,dbf92e189c284d5096f8affd4e20e5fa,2023-04-11_01-59-19,1681196359,7805.161231040955,17147,lambda,128.135.11.168,7805.161231040955,0,118,0.004018068313598633
0.00499879103153944,66.2965202331543,False,,,119,2f726_00000,dbf92e189c284d5096f8affd4e20e5fa,2023-04-11_02-00-25,1681196425,7871.457751274109,17147,lambda,128.135.11.168,7871.457751274109,0,119,0.004018068313598633
0.007190402131527662,66.24305319786072,False,,,120,2f726_00000,dbf92e189c284d5096f8affd4e20e5fa,2023-04-11_02-01-31,1681196491,7937.70080447197,17147,lambda,128.135.11.168,7937.70080447197,0,120,0.004018068313598633
0.0051959906704723835,65.82436633110046,False,,,121,2f726_00000,dbf92e189c284d5096f8affd4e20e5fa,2023-04-11_02-02-37,1681196557,8003.52517080307,17147,lambda,128.135.11.168,8003.52517080307,0,121,0.004018068313598633
0.008632168173789978,66.51749420166016,False,,,122,2f726_00000,dbf92e189c284d5096f8affd4e20e5fa,2023-04-11_02-03-44,1681196624,8070.04266500473,17147,lambda,128.135.11.168,8070.04266500473,0,122,0.004018068313598633
0.004041688982397318,66.72798681259155,False,,,123,2f726_00000,dbf92e189c284d5096f8affd4e20e5fa,2023-04-11_02-04-50,1681196690,8136.770651817322,17147,lambda,128.135.11.168,8136.770651817322,0,123,0.004018068313598633
0.00543345557525754,66.44393682479858,False,,,124,2f726_00000,dbf92e189c284d5096f8affd4e20e5fa,2023-04-11_02-05-57,1681196757,8203.21458864212,17147,lambda,128.135.11.168,8203.21458864212,0,124,0.004018068313598633
0.0038353640120476484,66.99748611450195,False,,,125,2f726_00000,dbf92e189c284d5096f8affd4e20e5fa,2023-04-11_02-07-04,1681196824,8270.212074756622,17147,lambda,128.135.11.168,8270.212074756622,0,125,0.004018068313598633
0.0028222149703651667,66.10312104225159,False,,,126,2f726_00000,dbf92e189c284d5096f8affd4e20e5fa,2023-04-11_02-08-10,1681196890,8336.315195798874,17147,lambda,128.135.11.168,8336.315195798874,0,126,0.004018068313598633
0.008145454339683056,65.84159708023071,False,,,127,2f726_00000,dbf92e189c284d5096f8affd4e20e5fa,2023-04-11_02-09-16,1681196956,8402.156792879105,17147,lambda,128.135.11.168,8402.156792879105,0,127,0.004018068313598633
0.005026635248214006,66.3104395866394,False,,,128,2f726_00000,dbf92e189c284d5096f8affd4e20e5fa,2023-04-11_02-10-22,1681197022,8468.467232465744,17147,lambda,128.135.11.168,8468.467232465744,0,128,0.004018068313598633
0.004764887038618326,66.67590045928955,False,,,129,2f726_00000,dbf92e189c284d5096f8affd4e20e5fa,2023-04-11_02-11-29,1681197089,8535.143132925034,17147,lambda,128.135.11.168,8535.143132925034,0,129,0.004018068313598633
0.006262289825826883,66.89361667633057,False,,,130,2f726_00000,dbf92e189c284d5096f8affd4e20e5fa,2023-04-11_02-12-36,1681197156,8602.036749601364,17147,lambda,128.135.11.168,8602.036749601364,0,130,0.004018068313598633
0.0036317026242613792,66.40170288085938,False,,,131,2f726_00000,dbf92e189c284d5096f8affd4e20e5fa,2023-04-11_02-13-42,1681197222,8668.438452482224,17147,lambda,128.135.11.168,8668.438452482224,0,131,0.004018068313598633
0.007831118069589138,66.09522366523743,False,,,132,2f726_00000,dbf92e189c284d5096f8affd4e20e5fa,2023-04-11_02-14-48,1681197288,8734.533676147461,17147,lambda,128.135.11.168,8734.533676147461,0,132,0.004018068313598633
0.006487193517386913,66.05922198295593,False,,,133,2f726_00000,dbf92e189c284d5096f8affd4e20e5fa,2023-04-11_02-15-54,1681197354,8800.592898130417,17147,lambda,128.135.11.168,8800.592898130417,0,133,0.004018068313598633
0.005798216909170151,66.21475148200989,False,,,134,2f726_00000,dbf92e189c284d5096f8affd4e20e5fa,2023-04-11_02-17-00,1681197420,8866.807649612427,17147,lambda,128.135.11.168,8866.807649612427,0,134,0.004018068313598633
0.004211141727864742,66.66407489776611,False,,,135,2f726_00000,dbf92e189c284d5096f8affd4e20e5fa,2023-04-11_02-18-07,1681197487,8933.471724510193,17147,lambda,128.135.11.168,8933.471724510193,0,135,0.004018068313598633
0.003876672824844718,66.61737418174744,False,,,136,2f726_00000,dbf92e189c284d5096f8affd4e20e5fa,2023-04-11_02-19-14,1681197554,9000.08909869194,17147,lambda,128.135.11.168,9000.08909869194,0,136,0.004018068313598633
0.005592558532953262,66.00839328765869,False,,,137,2f726_00000,dbf92e189c284d5096f8affd4e20e5fa,2023-04-11_02-20-20,1681197620,9066.097491979599,17147,lambda,128.135.11.168,9066.097491979599,0,137,0.004018068313598633
0.00405160803347826,66.07040691375732,False,,,138,2f726_00000,dbf92e189c284d5096f8affd4e20e5fa,2023-04-11_02-21-26,1681197686,9132.167898893356,17147,lambda,128.135.11.168,9132.167898893356,0,138,0.004018068313598633
0.005616514943540096,66.14954900741577,False,,,139,2f726_00000,dbf92e189c284d5096f8affd4e20e5fa,2023-04-11_02-22-32,1681197752,9198.317447900772,17147,lambda,128.135.11.168,9198.317447900772,0,139,0.004018068313598633
0.0036815388593822718,66.10147380828857,False,,,140,2f726_00000,dbf92e189c284d5096f8affd4e20e5fa,2023-04-11_02-23-38,1681197818,9264.41892170906,17147,lambda,128.135.11.168,9264.41892170906,0,140,0.004018068313598633
0.0026870130095630884,65.87387251853943,False,,,141,2f726_00000,dbf92e189c284d5096f8affd4e20e5fa,2023-04-11_02-24-44,1681197884,9330.2927942276,17147,lambda,128.135.11.168,9330.2927942276,0,141,0.004018068313598633
0.002793240826576948,66.07931447029114,False,,,142,2f726_00000,dbf92e189c284d5096f8affd4e20e5fa,2023-04-11_02-25-50,1681197950,9396.372108697891,17147,lambda,128.135.11.168,9396.372108697891,0,142,0.004018068313598633
0.002631646580994129,65.81958103179932,False,,,143,2f726_00000,dbf92e189c284d5096f8affd4e20e5fa,2023-04-11_02-26-56,1681198016,9462.19168972969,17147,lambda,128.135.11.168,9462.19168972969,0,143,0.004018068313598633
0.0036453825887292624,66.43369030952454,False,,,144,2f726_00000,dbf92e189c284d5096f8affd4e20e5fa,2023-04-11_02-28-02,1681198082,9528.625380039215,17147,lambda,128.135.11.168,9528.625380039215,0,144,0.004018068313598633
0.003468589624390006,66.79760575294495,False,,,145,2f726_00000,dbf92e189c284d5096f8affd4e20e5fa,2023-04-11_02-29-09,1681198149,9595.42298579216,17147,lambda,128.135.11.168,9595.42298579216,0,145,0.004018068313598633
0.00276470510289073,66.76812720298767,False,,,146,2f726_00000,dbf92e189c284d5096f8affd4e20e5fa,2023-04-11_02-30-16,1681198216,9662.191112995148,17147,lambda,128.135.11.168,9662.191112995148,0,146,0.004018068313598633
0.002778902417048812,65.87702298164368,False,,,147,2f726_00000,dbf92e189c284d5096f8affd4e20e5fa,2023-04-11_02-31-22,1681198282,9728.068135976791,17147,lambda,128.135.11.168,9728.068135976791,0,147,0.004018068313598633
0.003232342889532447,66.73100733757019,False,,,148,2f726_00000,dbf92e189c284d5096f8affd4e20e5fa,2023-04-11_02-32-28,1681198348,9794.799143314362,17147,lambda,128.135.11.168,9794.799143314362,0,148,0.004018068313598633
0.0025321743451058865,66.56163001060486,False,,,149,2f726_00000,dbf92e189c284d5096f8affd4e20e5fa,2023-04-11_02-33-35,1681198415,9861.360773324966,17147,lambda,128.135.11.168,9861.360773324966,0,149,0.004018068313598633
0.003674271749332547,66.03487396240234,False,,,150,2f726_00000,dbf92e189c284d5096f8affd4e20e5fa,2023-04-11_02-34-41,1681198481,9927.395647287369,17147,lambda,128.135.11.168,9927.395647287369,0,150,0.004018068313598633
0.0037316856905817986,66.05122995376587,False,,,151,2f726_00000,dbf92e189c284d5096f8affd4e20e5fa,2023-04-11_02-35-47,1681198547,9993.446877241135,17147,lambda,128.135.11.168,9993.446877241135,0,151,0.004018068313598633
0.0020866128616034985,66.03163003921509,False,,,152,2f726_00000,dbf92e189c284d5096f8affd4e20e5fa,2023-04-11_02-36-53,1681198613,10059.47850728035,17147,lambda,128.135.11.168,10059.47850728035,0,152,0.004018068313598633
0.0030414401553571224,66.5065381526947,False,,,153,2f726_00000,dbf92e189c284d5096f8affd4e20e5fa,2023-04-11_02-38-00,1681198680,10125.985045433044,17147,lambda,128.135.11.168,10125.985045433044,0,153,0.004018068313598633
0.0028159308712929487,66.74808692932129,False,,,154,2f726_00000,dbf92e189c284d5096f8affd4e20e5fa,2023-04-11_02-39-06,1681198746,10192.733132362366,17147,lambda,128.135.11.168,10192.733132362366,0,154,0.004018068313598633
0.0024259116034954786,66.3842704296112,False,,,155,2f726_00000,dbf92e189c284d5096f8affd4e20e5fa,2023-04-11_02-40-13,1681198813,10259.117402791977,17147,lambda,128.135.11.168,10259.117402791977,0,155,0.004018068313598633
0.0027335784398019314,66.23229312896729,False,,,156,2f726_00000,dbf92e189c284d5096f8affd4e20e5fa,2023-04-11_02-41-19,1681198879,10325.349695920944,17147,lambda,128.135.11.168,10325.349695920944,0,156,0.004018068313598633
0.002347765024751425,66.31723523139954,False,,,157,2f726_00000,dbf92e189c284d5096f8affd4e20e5fa,2023-04-11_02-42-25,1681198945,10391.666931152344,17147,lambda,128.135.11.168,10391.666931152344,0,157,0.004018068313598633
0.002104257233440876,65.97464108467102,False,,,158,2f726_00000,dbf92e189c284d5096f8affd4e20e5fa,2023-04-11_02-43-31,1681199011,10457.641572237015,17147,lambda,128.135.11.168,10457.641572237015,0,158,0.004018068313598633
0.0026757160667330027,66.16575384140015,False,,,159,2f726_00000,dbf92e189c284d5096f8affd4e20e5fa,2023-04-11_02-44-37,1681199077,10523.807326078415,17147,lambda,128.135.11.168,10523.807326078415,0,159,0.004018068313598633
0.0028239567764103413,66.43335270881653,False,,,160,2f726_00000,dbf92e189c284d5096f8affd4e20e5fa,2023-04-11_02-45-44,1681199144,10590.240678787231,17147,lambda,128.135.11.168,10590.240678787231,0,160,0.004018068313598633
0.0029371625278145075,66.42857146263123,False,,,161,2f726_00000,dbf92e189c284d5096f8affd4e20e5fa,2023-04-11_02-46-50,1681199210,10656.669250249863,17147,lambda,128.135.11.168,10656.669250249863,0,161,0.004018068313598633
0.0026812623254954815,66.29460978507996,False,,,162,2f726_00000,dbf92e189c284d5096f8affd4e20e5fa,2023-04-11_02-47-57,1681199277,10722.963860034943,17147,lambda,128.135.11.168,10722.963860034943,0,162,0.004018068313598633
0.0028042595367878675,66.64575600624084,False,,,163,2f726_00000,dbf92e189c284d5096f8affd4e20e5fa,2023-04-11_02-49-03,1681199343,10789.609616041183,17147,lambda,128.135.11.168,10789.609616041183,0,163,0.004018068313598633
0.001945988740772009,65.94052314758301,False,,,164,2f726_00000,dbf92e189c284d5096f8affd4e20e5fa,2023-04-11_02-50-09,1681199409,10855.550139188766,17147,lambda,128.135.11.168,10855.550139188766,0,164,0.004018068313598633
0.0024055754765868187,66.51971864700317,False,,,165,2f726_00000,dbf92e189c284d5096f8affd4e20e5fa,2023-04-11_02-51-16,1681199476,10922.06985783577,17147,lambda,128.135.11.168,10922.06985783577,0,165,0.004018068313598633
0.002782067283987999,66.1538553237915,False,,,166,2f726_00000,dbf92e189c284d5096f8affd4e20e5fa,2023-04-11_02-52-22,1681199542,10988.223713159561,17147,lambda,128.135.11.168,10988.223713159561,0,166,0.004018068313598633
0.0021058174315840006,66.5816023349762,False,,,167,2f726_00000,dbf92e189c284d5096f8affd4e20e5fa,2023-04-11_02-53-28,1681199608,11054.805315494537,17147,lambda,128.135.11.168,11054.805315494537,0,167,0.004018068313598633
0.0016444390639662743,66.35851836204529,False,,,168,2f726_00000,dbf92e189c284d5096f8affd4e20e5fa,2023-04-11_02-54-35,1681199675,11121.163833856583,17147,lambda,128.135.11.168,11121.163833856583,0,168,0.004018068313598633
0.0023951397743076086,66.25932908058167,False,,,169,2f726_00000,dbf92e189c284d5096f8affd4e20e5fa,2023-04-11_02-55-41,1681199741,11187.423162937164,17147,lambda,128.135.11.168,11187.423162937164,0,169,0.004018068313598633
0.0016673982609063387,66.2464804649353,False,,,170,2f726_00000,dbf92e189c284d5096f8affd4e20e5fa,2023-04-11_02-56-47,1681199807,11253.6696434021,17147,lambda,128.135.11.168,11253.6696434021,0,170,0.004018068313598633
0.0019093790324404836,66.39726066589355,False,,,171,2f726_00000,dbf92e189c284d5096f8affd4e20e5fa,2023-04-11_02-57-54,1681199874,11320.066904067993,17147,lambda,128.135.11.168,11320.066904067993,0,171,0.004018068313598633
0.0023188404738903046,66.36783075332642,False,,,172,2f726_00000,dbf92e189c284d5096f8affd4e20e5fa,2023-04-11_02-59-00,1681199940,11386.43473482132,17147,lambda,128.135.11.168,11386.43473482132,0,172,0.004018068313598633
0.0025062488857656717,66.79816675186157,False,,,173,2f726_00000,dbf92e189c284d5096f8affd4e20e5fa,2023-04-11_03-00-07,1681200007,11453.232901573181,17147,lambda,128.135.11.168,11453.232901573181,0,173,0.004018068313598633
0.002179407514631748,66.45476293563843,False,,,174,2f726_00000,dbf92e189c284d5096f8affd4e20e5fa,2023-04-11_03-01-13,1681200073,11519.68766450882,17147,lambda,128.135.11.168,11519.68766450882,0,174,0.004018068313598633
0.0016261484706774354,66.553640127182,False,,,175,2f726_00000,dbf92e189c284d5096f8affd4e20e5fa,2023-04-11_03-02-20,1681200140,11586.241304636002,17147,lambda,128.135.11.168,11586.241304636002,0,175,0.004018068313598633
0.0024508654605597258,66.50379657745361,False,,,176,2f726_00000,dbf92e189c284d5096f8affd4e20e5fa,2023-04-11_03-03-26,1681200206,11652.745101213455,17147,lambda,128.135.11.168,11652.745101213455,0,176,0.004018068313598633
0.0015182798961177468,66.64379715919495,False,,,177,2f726_00000,dbf92e189c284d5096f8affd4e20e5fa,2023-04-11_03-04-33,1681200273,11719.38889837265,17147,lambda,128.135.11.168,11719.38889837265,0,177,0.004018068313598633
0.0019190639723092318,65.66025400161743,False,,,178,2f726_00000,dbf92e189c284d5096f8affd4e20e5fa,2023-04-11_03-05-39,1681200339,11785.049152374268,17147,lambda,128.135.11.168,11785.049152374268,0,178,0.004018068313598633
0.0016930720303207636,66.92560768127441,False,,,179,2f726_00000,dbf92e189c284d5096f8affd4e20e5fa,2023-04-11_03-06-46,1681200406,11851.974760055542,17147,lambda,128.135.11.168,11851.974760055542,0,179,0.004018068313598633
0.0053093149326741695,66.41030502319336,False,,,180,2f726_00000,dbf92e189c284d5096f8affd4e20e5fa,2023-04-11_03-07-52,1681200472,11918.385065078735,17147,lambda,128.135.11.168,11918.385065078735,0,180,0.004018068313598633
0.0022098885383456945,66.1463315486908,False,,,181,2f726_00000,dbf92e189c284d5096f8affd4e20e5fa,2023-04-11_03-08-58,1681200538,11984.531396627426,17147,lambda,128.135.11.168,11984.531396627426,0,181,0.004018068313598633
0.0020291313994675875,66.22073483467102,False,,,182,2f726_00000,dbf92e189c284d5096f8affd4e20e5fa,2023-04-11_03-10-04,1681200604,12050.752131462097,17147,lambda,128.135.11.168,12050.752131462097,0,182,0.004018068313598633
0.0015872118528932333,66.71812677383423,False,,,183,2f726_00000,dbf92e189c284d5096f8affd4e20e5fa,2023-04-11_03-11-11,1681200671,12117.470258235931,17147,lambda,128.135.11.168,12117.470258235931,0,183,0.004018068313598633
0.0014871793100610375,66.37504410743713,False,,,184,2f726_00000,dbf92e189c284d5096f8affd4e20e5fa,2023-04-11_03-12-17,1681200737,12183.845302343369,17147,lambda,128.135.11.168,12183.845302343369,0,184,0.004018068313598633
0.0016783878672868013,66.22634768486023,False,,,185,2f726_00000,dbf92e189c284d5096f8affd4e20e5fa,2023-04-11_03-13-24,1681200804,12250.071650028229,17147,lambda,128.135.11.168,12250.071650028229,0,185,0.004018068313598633
0.0014175398973748088,66.14123392105103,False,,,186,2f726_00000,dbf92e189c284d5096f8affd4e20e5fa,2023-04-11_03-14-30,1681200870,12316.21288394928,17147,lambda,128.135.11.168,12316.21288394928,0,186,0.004018068313598633
0.0014486872823908925,66.60089206695557,False,,,187,2f726_00000,dbf92e189c284d5096f8affd4e20e5fa,2023-04-11_03-15-36,1681200936,12382.813776016235,17147,lambda,128.135.11.168,12382.813776016235,0,187,0.004018068313598633
0.0037356282118707895,65.73078608512878,False,,,188,2f726_00000,dbf92e189c284d5096f8affd4e20e5fa,2023-04-11_03-16-42,1681201002,12448.544562101364,17147,lambda,128.135.11.168,12448.544562101364,0,188,0.004018068313598633
0.0021435762755572796,66.47132682800293,False,,,189,2f726_00000,dbf92e189c284d5096f8affd4e20e5fa,2023-04-11_03-17-49,1681201069,12515.015888929367,17147,lambda,128.135.11.168,12515.015888929367,0,189,0.004018068313598633
0.001829675049521029,66.25900864601135,False,,,190,2f726_00000,dbf92e189c284d5096f8affd4e20e5fa,2023-04-11_03-18-55,1681201135,12581.274897575378,17147,lambda,128.135.11.168,12581.274897575378,0,190,0.004018068313598633
0.0017074738861992955,66.32404232025146,False,,,191,2f726_00000,dbf92e189c284d5096f8affd4e20e5fa,2023-04-11_03-20-01,1681201201,12647.59893989563,17147,lambda,128.135.11.168,12647.59893989563,0,191,0.004018068313598633
0.002422161865979433,66.37991070747375,False,,,192,2f726_00000,dbf92e189c284d5096f8affd4e20e5fa,2023-04-11_03-21-08,1681201268,12713.978850603104,17147,lambda,128.135.11.168,12713.978850603104,0,192,0.004018068313598633
0.0012050415389239788,66.38879323005676,False,,,193,2f726_00000,dbf92e189c284d5096f8affd4e20e5fa,2023-04-11_03-22-14,1681201334,12780.36764383316,17147,lambda,128.135.11.168,12780.36764383316,0,193,0.004018068313598633
0.0015319526428356767,66.1956434249878,False,,,194,2f726_00000,dbf92e189c284d5096f8affd4e20e5fa,2023-04-11_03-23-20,1681201400,12846.563287258148,17147,lambda,128.135.11.168,12846.563287258148,0,194,0.004018068313598633
0.002331344410777092,66.78267002105713,False,,,195,2f726_00000,dbf92e189c284d5096f8affd4e20e5fa,2023-04-11_03-24-27,1681201467,12913.345957279205,17147,lambda,128.135.11.168,12913.345957279205,0,195,0.004018068313598633
0.0016054202569648623,66.167062997818,False,,,196,2f726_00000,dbf92e189c284d5096f8affd4e20e5fa,2023-04-11_03-25-33,1681201533,12979.513020277023,17147,lambda,128.135.11.168,12979.513020277023,0,196,0.004018068313598633
0.002028041984885931,66.18164896965027,False,,,197,2f726_00000,dbf92e189c284d5096f8affd4e20e5fa,2023-04-11_03-26-39,1681201599,13045.694669246674,17147,lambda,128.135.11.168,13045.694669246674,0,197,0.004018068313598633
0.00250996183604002,66.58872318267822,False,,,198,2f726_00000,dbf92e189c284d5096f8affd4e20e5fa,2023-04-11_03-27-46,1681201666,13112.283392429352,17147,lambda,128.135.11.168,13112.283392429352,0,198,0.004018068313598633
0.0012727229623124003,66.82743668556213,False,,,199,2f726_00000,dbf92e189c284d5096f8affd4e20e5fa,2023-04-11_03-28-53,1681201733,13179.110829114914,17147,lambda,128.135.11.168,13179.110829114914,0,199,0.004018068313598633
0.0015654132002964616,66.6334137916565,False,,,200,2f726_00000,dbf92e189c284d5096f8affd4e20e5fa,2023-04-11_03-29-59,1681201799,13245.74424290657,17147,lambda,128.135.11.168,13245.74424290657,0,200,0.004018068313598633
0.0013696977403014898,66.53031039237976,False,,,201,2f726_00000,dbf92e189c284d5096f8affd4e20e5fa,2023-04-11_03-31-06,1681201866,13312.27455329895,17147,lambda,128.135.11.168,13312.27455329895,0,201,0.004018068313598633
0.0032544692512601614,66.72894668579102,False,,,202,2f726_00000,dbf92e189c284d5096f8affd4e20e5fa,2023-04-11_03-32-13,1681201933,13379.003499984741,17147,lambda,128.135.11.168,13379.003499984741,0,202,0.004018068313598633
0.0018801785772666335,66.76740980148315,False,,,203,2f726_00000,dbf92e189c284d5096f8affd4e20e5fa,2023-04-11_03-33-19,1681201999,13445.770909786224,17147,lambda,128.135.11.168,13445.770909786224,0,203,0.004018068313598633
0.0016974774189293385,66.58209681510925,False,,,204,2f726_00000,dbf92e189c284d5096f8affd4e20e5fa,2023-04-11_03-34-26,1681202066,13512.353006601334,17147,lambda,128.135.11.168,13512.353006601334,0,204,0.004018068313598633
0.0012407263275235891,66.44452476501465,False,,,205,2f726_00000,dbf92e189c284d5096f8affd4e20e5fa,2023-04-11_03-35-32,1681202132,13578.797531366348,17147,lambda,128.135.11.168,13578.797531366348,0,205,0.004018068313598633
0.0022510774433612823,66.22636318206787,False,,,206,2f726_00000,dbf92e189c284d5096f8affd4e20e5fa,2023-04-11_03-36-39,1681202199,13645.023894548416,17147,lambda,128.135.11.168,13645.023894548416,0,206,0.004018068313598633
0.0023047050926834345,66.33004140853882,False,,,207,2f726_00000,dbf92e189c284d5096f8affd4e20e5fa,2023-04-11_03-37-45,1681202265,13711.353935956955,17147,lambda,128.135.11.168,13711.353935956955,0,207,0.004018068313598633
0.0015234099701046944,66.57066631317139,False,,,208,2f726_00000,dbf92e189c284d5096f8affd4e20e5fa,2023-04-11_03-38-52,1681202332,13777.924602270126,17147,lambda,128.135.11.168,13777.924602270126,0,208,0.004018068313598633
0.002262225141748786,66.40220618247986,False,,,209,2f726_00000,dbf92e189c284d5096f8affd4e20e5fa,2023-04-11_03-39-58,1681202398,13844.326808452606,17147,lambda,128.135.11.168,13844.326808452606,0,209,0.004018068313598633
0.002629074500873685,66.31735444068909,False,,,210,2f726_00000,dbf92e189c284d5096f8affd4e20e5fa,2023-04-11_03-41-04,1681202464,13910.644162893295,17147,lambda,128.135.11.168,13910.644162893295,0,210,0.004018068313598633
0.0014840627554804087,66.3446717262268,False,,,211,2f726_00000,dbf92e189c284d5096f8affd4e20e5fa,2023-04-11_03-42-11,1681202531,13976.988834619522,17147,lambda,128.135.11.168,13976.988834619522,0,211,0.004018068313598633
0.0017336971359327435,66.6469497680664,False,,,212,2f726_00000,dbf92e189c284d5096f8affd4e20e5fa,2023-04-11_03-43-17,1681202597,14043.635784387589,17147,lambda,128.135.11.168,14043.635784387589,0,212,0.004018068313598633
0.0013563493266701698,65.79079842567444,False,,,213,2f726_00000,dbf92e189c284d5096f8affd4e20e5fa,2023-04-11_03-44-23,1681202663,14109.426582813263,17147,lambda,128.135.11.168,14109.426582813263,0,213,0.004018068313598633
0.005682917777448893,66.39045238494873,False,,,214,2f726_00000,dbf92e189c284d5096f8affd4e20e5fa,2023-04-11_03-45-29,1681202729,14175.817035198212,17147,lambda,128.135.11.168,14175.817035198212,0,214,0.004018068313598633
0.0017978878458961844,67.01409816741943,False,,,215,2f726_00000,dbf92e189c284d5096f8affd4e20e5fa,2023-04-11_03-46-36,1681202796,14242.831133365631,17147,lambda,128.135.11.168,14242.831133365631,0,215,0.004018068313598633
0.001073662773706019,66.23378658294678,False,,,216,2f726_00000,dbf92e189c284d5096f8affd4e20e5fa,2023-04-11_03-47-43,1681202863,14309.064919948578,17147,lambda,128.135.11.168,14309.064919948578,0,216,0.004018068313598633
0.0011921507539227605,66.45088386535645,False,,,217,2f726_00000,dbf92e189c284d5096f8affd4e20e5fa,2023-04-11_03-48-49,1681202929,14375.515803813934,17147,lambda,128.135.11.168,14375.515803813934,0,217,0.004018068313598633
0.0013824705965816975,66.66864395141602,False,,,218,2f726_00000,dbf92e189c284d5096f8affd4e20e5fa,2023-04-11_03-49-56,1681202996,14442.18444776535,17147,lambda,128.135.11.168,14442.18444776535,0,218,0.004018068313598633
0.0012877107365056872,66.25018286705017,False,,,219,2f726_00000,dbf92e189c284d5096f8affd4e20e5fa,2023-04-11_03-51-02,1681203062,14508.4346306324,17147,lambda,128.135.11.168,14508.4346306324,0,219,0.004018068313598633
0.0017449170118197799,66.56916618347168,False,,,220,2f726_00000,dbf92e189c284d5096f8affd4e20e5fa,2023-04-11_03-52-09,1681203129,14575.003796815872,17147,lambda,128.135.11.168,14575.003796815872,0,220,0.004018068313598633
0.0013377538416534662,66.65334033966064,False,,,221,2f726_00000,dbf92e189c284d5096f8affd4e20e5fa,2023-04-11_03-53-15,1681203195,14641.657137155533,17147,lambda,128.135.11.168,14641.657137155533,0,221,0.004018068313598633
0.0015123416669666767,66.79580926895142,False,,,222,2f726_00000,dbf92e189c284d5096f8affd4e20e5fa,2023-04-11_03-54-22,1681203262,14708.452946424484,17147,lambda,128.135.11.168,14708.452946424484,0,222,0.004018068313598633
0.0011177341220900416,66.56319689750671,False,,,223,2f726_00000,dbf92e189c284d5096f8affd4e20e5fa,2023-04-11_03-55-29,1681203329,14775.016143321991,17147,lambda,128.135.11.168,14775.016143321991,0,223,0.004018068313598633
0.0009928046492859721,66.74560189247131,False,,,224,2f726_00000,dbf92e189c284d5096f8affd4e20e5fa,2023-04-11_03-56-35,1681203395,14841.761745214462,17147,lambda,128.135.11.168,14841.761745214462,0,224,0.004018068313598633
0.0010740070138126612,66.53140377998352,False,,,225,2f726_00000,dbf92e189c284d5096f8affd4e20e5fa,2023-04-11_03-57-42,1681203462,14908.293148994446,17147,lambda,128.135.11.168,14908.293148994446,0,225,0.004018068313598633
0.0015260155778378248,66.46695327758789,False,,,226,2f726_00000,dbf92e189c284d5096f8affd4e20e5fa,2023-04-11_03-58-48,1681203528,14974.760102272034,17147,lambda,128.135.11.168,14974.760102272034,0,226,0.004018068313598633
0.0013956641778349876,66.7981607913971,False,,,227,2f726_00000,dbf92e189c284d5096f8affd4e20e5fa,2023-04-11_03-59-55,1681203595,15041.55826306343,17147,lambda,128.135.11.168,15041.55826306343,0,227,0.004018068313598633
0.0015776780201122165,66.19872665405273,False,,,228,2f726_00000,dbf92e189c284d5096f8affd4e20e5fa,2023-04-11_04-01-01,1681203661,15107.756989717484,17147,lambda,128.135.11.168,15107.756989717484,0,228,0.004018068313598633
0.0009823417058214545,66.25306415557861,False,,,229,2f726_00000,dbf92e189c284d5096f8affd4e20e5fa,2023-04-11_04-02-08,1681203728,15174.010053873062,17147,lambda,128.135.11.168,15174.010053873062,0,229,0.004018068313598633
0.0010359029984101653,66.37899208068848,False,,,230,2f726_00000,dbf92e189c284d5096f8affd4e20e5fa,2023-04-11_04-03-14,1681203794,15240.38904595375,17147,lambda,128.135.11.168,15240.38904595375,0,230,0.004018068313598633
0.0014146598987281322,66.63539695739746,False,,,231,2f726_00000,dbf92e189c284d5096f8affd4e20e5fa,2023-04-11_04-04-21,1681203861,15307.024442911148,17147,lambda,128.135.11.168,15307.024442911148,0,231,0.004018068313598633
0.0013857090380042791,66.57573580741882,False,,,232,2f726_00000,dbf92e189c284d5096f8affd4e20e5fa,2023-04-11_04-05-27,1681203927,15373.600178718567,17147,lambda,128.135.11.168,15373.600178718567,0,232,0.004018068313598633
0.0014830933650955558,66.54626083374023,False,,,233,2f726_00000,dbf92e189c284d5096f8affd4e20e5fa,2023-04-11_04-06-34,1681203994,15440.146439552307,17147,lambda,128.135.11.168,15440.146439552307,0,233,0.004018068313598633
0.0011149492347612977,67.02034068107605,False,,,234,2f726_00000,dbf92e189c284d5096f8affd4e20e5fa,2023-04-11_04-07-41,1681204061,15507.166780233383,17147,lambda,128.135.11.168,15507.166780233383,0,234,0.004018068313598633
0.0010020482586696744,66.37715315818787,False,,,235,2f726_00000,dbf92e189c284d5096f8affd4e20e5fa,2023-04-11_04-08-47,1681204127,15573.543933391571,17147,lambda,128.135.11.168,15573.543933391571,0,235,0.004018068313598633
0.0012024493189528584,66.90626168251038,False,,,236,2f726_00000,dbf92e189c284d5096f8affd4e20e5fa,2023-04-11_04-09-54,1681204194,15640.450195074081,17147,lambda,128.135.11.168,15640.450195074081,0,236,0.004018068313598633
0.0014463845873251557,66.3844997882843,False,,,237,2f726_00000,dbf92e189c284d5096f8affd4e20e5fa,2023-04-11_04-11-00,1681204260,15706.834694862366,17147,lambda,128.135.11.168,15706.834694862366,0,237,0.004018068313598633
0.0010756260016933084,66.17978954315186,False,,,238,2f726_00000,dbf92e189c284d5096f8affd4e20e5fa,2023-04-11_04-12-07,1681204327,15773.014484405518,17147,lambda,128.135.11.168,15773.014484405518,0,238,0.004018068313598633
0.001724486006423831,66.64445972442627,False,,,239,2f726_00000,dbf92e189c284d5096f8affd4e20e5fa,2023-04-11_04-13-13,1681204393,15839.658944129944,17147,lambda,128.135.11.168,15839.658944129944,0,239,0.004018068313598633
0.0012228997657075524,66.67716646194458,False,,,240,2f726_00000,dbf92e189c284d5096f8affd4e20e5fa,2023-04-11_04-14-20,1681204460,15906.336110591888,17147,lambda,128.135.11.168,15906.336110591888,0,240,0.004018068313598633
0.0010258061811327934,65.90242290496826,False,,,241,2f726_00000,dbf92e189c284d5096f8affd4e20e5fa,2023-04-11_04-15-26,1681204526,15972.238533496857,17147,lambda,128.135.11.168,15972.238533496857,0,241,0.004018068313598633
0.001220209407620132,66.0197184085846,False,,,242,2f726_00000,dbf92e189c284d5096f8affd4e20e5fa,2023-04-11_04-16-32,1681204592,16038.258251905441,17147,lambda,128.135.11.168,16038.258251905441,0,242,0.004018068313598633
0.00147741858381778,66.14845275878906,False,,,243,2f726_00000,dbf92e189c284d5096f8affd4e20e5fa,2023-04-11_04-17-38,1681204658,16104.40670466423,17147,lambda,128.135.11.168,16104.40670466423,0,243,0.004018068313598633
0.0009576052543707192,66.72217798233032,False,,,244,2f726_00000,dbf92e189c284d5096f8affd4e20e5fa,2023-04-11_04-18-45,1681204725,16171.12888264656,17147,lambda,128.135.11.168,16171.12888264656,0,244,0.004018068313598633
0.0010216436348855495,66.99144339561462,False,,,245,2f726_00000,dbf92e189c284d5096f8affd4e20e5fa,2023-04-11_04-19-52,1681204792,16238.120326042175,17147,lambda,128.135.11.168,16238.120326042175,0,245,0.004018068313598633
0.0015162731288000941,66.62910532951355,False,,,246,2f726_00000,dbf92e189c284d5096f8affd4e20e5fa,2023-04-11_04-20-58,1681204858,16304.749431371689,17147,lambda,128.135.11.168,16304.749431371689,0,246,0.004018068313598633
0.0009998228633776307,66.78051781654358,False,,,247,2f726_00000,dbf92e189c284d5096f8affd4e20e5fa,2023-04-11_04-22-05,1681204925,16371.529949188232,17147,lambda,128.135.11.168,16371.529949188232,0,247,0.004018068313598633
0.0011214311234652996,66.42078399658203,False,,,248,2f726_00000,dbf92e189c284d5096f8affd4e20e5fa,2023-04-11_04-23-12,1681204992,16437.950733184814,17147,lambda,128.135.11.168,16437.950733184814,0,248,0.004018068313598633
0.0009633461013436317,66.6205039024353,False,,,249,2f726_00000,dbf92e189c284d5096f8affd4e20e5fa,2023-04-11_04-24-18,1681205058,16504.57123708725,17147,lambda,128.135.11.168,16504.57123708725,0,249,0.004018068313598633
0.0009331183973699808,66.8402271270752,False,,,250,2f726_00000,dbf92e189c284d5096f8affd4e20e5fa,2023-04-11_04-25-25,1681205125,16571.411464214325,17147,lambda,128.135.11.168,16571.411464214325,0,250,0.004018068313598633
0.0011094770161435008,66.0907461643219,False,,,251,2f726_00000,dbf92e189c284d5096f8affd4e20e5fa,2023-04-11_04-26-31,1681205191,16637.502210378647,17147,lambda,128.135.11.168,16637.502210378647,0,251,0.004018068313598633
0.0015136891743168235,66.6071105003357,False,,,252,2f726_00000,dbf92e189c284d5096f8affd4e20e5fa,2023-04-11_04-27-38,1681205258,16704.109320878983,17147,lambda,128.135.11.168,16704.109320878983,0,252,0.004018068313598633
0.0010877111926674843,66.28151631355286,False,,,253,2f726_00000,dbf92e189c284d5096f8affd4e20e5fa,2023-04-11_04-28-44,1681205324,16770.390837192535,17147,lambda,128.135.11.168,16770.390837192535,0,253,0.004018068313598633
0.0012463796883821487,66.69522356987,False,,,254,2f726_00000,dbf92e189c284d5096f8affd4e20e5fa,2023-04-11_04-29-51,1681205391,16837.086060762405,17147,lambda,128.135.11.168,16837.086060762405,0,254,0.004018068313598633
0.001624109223484993,66.10796976089478,True,,,255,2f726_00000,dbf92e189c284d5096f8affd4e20e5fa,2023-04-11_04-30-57,1681205457,16903.1940305233,17147,lambda,128.135.11.168,16903.1940305233,0,255,0.004018068313598633
